003358909965423e15e9dbd752bb2f6e;FAIL
00cf34e93f3b5f26ba9ad7035a19f7dd;PASS
00da1ae946e041ce9dc36aeda0d02eef;PASS
00e1f25fb7039ac59f54904be28ef52e;PASS
00e4b8271039dfcf7ad8d0d2783ded6d;SKIP
00eac4b1927f8e09bee735558e3504a0;PASS
00f3e26a8ed17c0804c4eeb740c38a13;PASS
01364d792dc5bfb4883ba34ec42da954;FAIL
0165e507efc7113be2c86df29c081d47;PASS
01ac906b1b34818b30d1387861f17012;PASS
01c0fb32f5b475675692862629d52d15;PASS
01ce4b3a5325ced8dc390a8e0e75c2f8;PASS
02139e24c63642dbada64c877e904d27;PASS
027ca658fefad45c5cb4d1d60f7b08ef;PASS
02b7df96659e39bbc56bd27ac67a7268;PASS
02bb4b608b6a8eebfd5f795edff3dd3d;PASS
02bc94d2494f61857abbef1c144938b4;SKIP
02c504796e44284938bbd57120008666;PASS
02dbba06011a0585a95035e7f52b0ad6;FAIL
02e0db2375881c71181049b630649872;FAIL
02e20409960d391f39db5304df06a0ec;PASS
03335174892cb51392c17d8d22621755;PASS
03657f88d37bb44a24c2acd59d445e6f;PASS
037cca118ff0ad47094797141caf6d0a;PASS
03e38f6f45b24619ba996f5689f120c6;PASS
03eaa5d5295c02e7592e7422e555451c;PASS
044d37f5a0976aadd2ddb433732d9c82;PASS
047b41084f8e37db23badfb60818349e;PASS
04e4f4d4c62373c2cf1d72d6cdf84832;SKIP
05181cfe8d4059f5a214d1ca332c6410;PASS
051c1d291bb36d6a2ed88e015d588e16;PASS
0525713e2241d77d1b92bd18bac00011;PASS
053a6bac965a5ab2fa79b034cfabfe22;PASS
056237c4edced798599773aed80c23d1;PASS
058ceb552d04d3c3935434b7b732eff8;PASS
05bc55da313bddce61d3631939fe01ee;PASS
05c86c7e7204087e81ae0e417ac6a983;PASS
05ce3a78c1dc90a0b87b88b638f5453f;PASS
0644ed6b5242fed30f56382ec5690212;PASS
067ff918a6d2d3e3de62ab1334268860;FAIL
06cf66cb5d3b756989421b02a2ac2dc5;FAIL
077cf2ba275a2621c072dd3b4e28fda5;PASS
07d9e9db7c0408f20339392165acd344;SKIP
07e0ec96a350bb31abeb432cb7406b2e;PASS
07fc847c7bd4fe8cce4b9e0870e30051;PASS
082042de7912ec098f4f8f6df6e50b54;SKIP
08b26cce62d1719d3ef97c8d3d389e0a;PASS
09482fd6627c54ef9a54dffe74585d47;PASS
09989a48abc0ff17445381cc4dbc1cbc;FAIL
0a10863d6f9ff3d0363f01a9b9e3a014;PASS
0a49699d5428e81c0744bfa13bc6ef86;FAIL
0a7c6989d0922fc06903740fb5aea2c1;PASS
0acc1a1398bd36c72fde43f375624336;FAIL
0b0a0b126d15b9d1af0ba8f9a9ebbc8d;PASS
0b550bea867a33a4017beea45dc28f21;FAIL
0b583402c38b3863df497771eb769b0f;PASS
0b6f45124c6242f4bd99c5c2dc2dc1c4;PASS
0b788cf86085ed2372700cf7e259fb79;PASS
0b8e5abc37dd314b8207325e2f0dcfcf;FAIL
0b91049af6e22d5107dd34e7be181841;PASS
0c01ed023953348bc49e0ebc3a1b5b7c;PASS
0c3d523783879af1423dd702f127736f;PASS
0c6f87a1d61c8369066c52aefe094421;PASS
0c8a55445d3a1c528dd9900b29918902;PASS
0cb0a2b3ff6479056ac5f2ba2fbf316a;PASS
0cc308f873d33a57746afc656cdf1b39;SKIP
0ce5573ecf2502353f7976533b2d253f;PASS
0d167f711c2616566504c80f227d1fa6;PASS
0d5b3f70d9585eb0691f31407d8d49d5;PASS
0d7838fc902adba73f026c788239c99a;PASS
0d821511b78d61657c9c11c4f9915f89;SKIP
0dd03e822757bb8efe4baa08d4b632a8;PASS
0dedac225c850dc9a21fb9c7b73fed49;PASS
0e694db0d3d53447eb56ef453ea3be06;SKIP
0e9fc8f8f2a80db5380712170ae220f8;PASS
0ec0836fa309488b57d3945e110c3150;PASS
0eda2ee4d5a19c5424c861128de6d1b9;SKIP
0f1743c426c61ca6673ca14590ccfa59;PASS
0f396c1a8739f1e163794fdfa49f1309;PASS
0f4f02d53911ea5fbb2ab8350cf8dd1a;PASS
0fac39f00e1b4b06fc494dd1f7dec107;PASS
0fca829dccb6d1c13f315d73a75c6916;PASS
0fd636332d361410f3cefaa5f27324b6;PASS
1021db56373b180bbb0fe6206ef10b76;SKIP
1069779ed426c8dae0c7df6ce620da0b;PASS
107e036a4e1c29923f5970f0d48ec54e;PASS
108469a98160319bfd899478af910f2d;PASS
10f2c5d5c7b3b15ff4d0a4c78f235701;PASS
11107ebdf571562cc484167abe137da6;SKIP
111b6151cd872a8c6b6f7b718b8a9b9f;SKIP
1120042adf53077568f9cc1738eee0cb;FAIL
1120a2225cc9f5088a63338c3b7ce450;PASS
11271a0b55370a013bcf2f28d96c6166;FAIL
117355f5ae4f235319d3afc63996ee13;FAIL
1180595ae7eafbeb8fd651423a8e8345;PASS
118c862b84e3f43df5e91da9c89d7f51;PASS
11a9f9c095776aff0332b5858ab07915;PASS
121be4621027adec1187c4e2b84548fa;SKIP
128a478ba18019ece69d6a4c84c2a174;PASS
1352985df18187c5a0a8c60a2d303537;SKIP
13b1668dd8a8454ba98e9ab964b0ac90;PASS
144b6f95d161bb25de4f70229e523b0e;FAIL
1493c95d832784d0d0f0c890260baa26;PASS
14cfa2cfd814ed8f017c8f5425767b4f;FAIL
14d574a5340e2ab5f726f482b43a1e0e;PASS
14e702c124c808227303cccedb9c49af;PASS
1509fc7b8f04dbe730932f3c44cc646b;PASS
152406465617e9e0d68ff11a877fa37b;FAIL
155594f0a5d599e683636e16e3c199db;FAIL
15a5ee5e67379db0b28660edd64b324d;PASS
15e2170922ee625736b64aa5b405b18b;SKIP
15ecdc7cdc82b780af52d7081fe91d10;PASS
15f875da4a89caed70dc83709de29631;PASS
15f96b57a0a7c2bd5e51baf49febe653;SKIP
163c7289d65c1253040bcaea09661870;PASS
163eb654f34d0536b699784402a19276;PASS
1641d40230e7a94ed2cfe684935f01c9;SKIP
164b513226048fea325a8eb92db098c8;PASS
167b4f571a323886a68f9d353b5f2e0c;SKIP
16e23bc00273520fa40f2752a60d85d7;FAIL
1784ea384a48d5271cfe4bbfb1b59043;SKIP
179ef351b423a2070c9610ba89061930;FAIL
17dd9caad002af554a0081b41c4d1c59;PASS
1835e1565be88dd5c074c465c2f464c1;SKIP
183af264f1316548c358ba73ee6711b7;SKIP
18b8c523fff4d7e80ed28bc0c183790d;PASS
18ee8c7313d485a9fe2d3f78beff2434;FAIL
192e9731b5c904c2bbe9db08052be75e;PASS
19b917e06083f53190d6c99b8f350c54;PASS
19f553f5dd46bb499977688a934b4447;PASS
19f75f5b91524399901914ab3502e944;PASS
1a5020d3a15c6aa5158f50366df39658;PASS
1abfb6edcce01cc0a7908abce19857f9;PASS
1acb3f1e341275a0be7381bb5e46a6bc;PASS
1ad053370d4d79ba67b9a2c24831f4f9;PASS
1af1d20d98498d3f4d9d825831b5bee9;PASS
1b32e70d5cc11a90446942362c2d5bb0;PASS
1b4d27e418960e8aba64a004d9f3aed8;PASS
1ba8f92acb737600b8c2d2c3b23f9f53;PASS
1c006c2f92788f8072f143f67aef4681;PASS
1c78a4e54d87d92bcab5d6285e969dfa;PASS
1d2a0a9c5d92ff7d1a78a4e6d863628c;FAIL
1d60c0f5e47a817945919cca10783466;PASS
1d66187f8f281ec26b64501972cbf3a7;FAIL
1d797d5161da0570c17372730a5cf55d;PASS
1d9565a121dfcb4bf007372a660e34fe;FAIL
1da66c703701ff2decffbf134bf5c6e5;PASS
1df79f94f7719adc30109c05e5910721;PASS
1e0e483b6abd887d30d753a097015455;PASS
1e64b6df168687b03cf198a77f6c817d;PASS
1e6509f52a95895b17609f6087cfaa8e;PASS
1e81327b09456af4a1b2fa3fc7ec0592;FAIL
1ed30295678d574c75c4155d930b644b;FAIL
1f70321cdebf9f2e090cdff73077d30d;PASS
1fb30d0db67147a91e7446af91858fcb;PASS
1fde51395284ff01779229036cc69fb9;FAIL
1ff9fbe011d6a40fed390aa59ca9a847;SKIP
201003f33d38e2c51ca6ceed9a9b3759;PASS
203b1730db42c6bf466da42a6643dd69;PASS
2043f658d928d8ba1145923927471515;PASS
20a36fcfa01b62ea48adb3e9f5a081c7;SKIP
20be99effe50c231cc3672fec4219a82;PASS
20db108dcd57c375d1056e00f70601dd;PASS
20db61ab17d645bfddd3f1ada8a8ac0d;PASS
20f2f505ff20465f7736a35c071f79a2;PASS
21270844c8c94931b0ee99e8a521d7d3;SKIP
224f81d3a99d62006c715f71717a9049;PASS
22588c74bc7f9ca96ecc963fce312ec0;PASS
22741343f211fa7b81ebb1307bcbf83c;PASS
228e16f3101b8a7f39ee53c53b3baa62;FAIL
22968ff047ba82d0f543d40d1e4c78b5;PASS
22a69fe2ce2618f64483f341bdf5c5a1;FAIL
22b294b71e74cf6d405e496eb03795e6;PASS
22ea259630b014ab1167ede7578bcbb1;PASS
22eddfc6413564fd52290be60c6a6b94;PASS
233487e709d065a2cf5dcc5b41eb4a94;PASS
23542015d6c8d71daf177f7ebc9040a4;PASS
245d9fad68aba045e516aaeaac186621;PASS
24d2732541bf756414acea46be7120ee;PASS
24e616b40eccd7e35f02bd57eb3367be;FAIL
24e954af8c9f87bb83b3b9d4fbf72731;PASS
24ec829eedee11e2a01603763f1a7652;SKIP
2511e22dda278369b322565d318dc9fb;FAIL
2570f55ef475fb153f8886f9dbb7f183;PASS
258200e2c586587c44405a32f49ffcb5;FAIL
258b9f4abb2beaa825ac8f07bdbb8fff;PASS
25de574a992d45c192e398e34759e6ab;PASS
266c61420a221c1c010b4520e233899c;PASS
26b905a243b012856afd00135b33ddc9;PASS
26d6fd32733bce6beca23184d63a7db2;PASS
272eea1710bf854cf498aa9b223af447;PASS
2740488ad3c86b4ba38a416309e2e593;FAIL
274fd79183b3a5484d9bea1964e1865a;PASS
275154077568934fc3bb83741e59ee5c;FAIL
2754be79b189b886ff5d70e05c4963c8;PASS
2798b9465215a34e8bbde682962d10de;FAIL
27d01ac6d2c225922c33435b841614e9;FAIL
2824ae4c8ddd2f48b2d5b31f909d8aef;SKIP
284212dac9433bc84878779eabae5081;PASS
285688da9d875fe01faefcbfda6ee01a;PASS
286e542fc3bfd1f1b5ee31bd60836e96;PASS
2877eaac33adee812d301c0b4753a2b6;PASS
2887871971aed89a117f3ad90cb09d68;PASS
29099056c42e07aefead7d54e2fe1bae;FAIL
291ad6c0ebe1f5144cd6dce3111dc48a;PASS
29216ad476f700a1879308b65d62114f;FAIL
29460f2b0237fa6e8df587cd61e7ec96;PASS
294ffc990cabf8b54b9193b118406b36;PASS
2956dccb6fc568644ce2621374e472e7;PASS
29aff0770bf68416b4854a6978fd54c2;SKIP
29c416eddff0b79afac4a2e71f71844a;PASS
29c9a07e0c2e495a90b4d40b384f01ee;PASS
2a006415e166d9e328a30302cb0388da;PASS
2a5427362f482eaf514acbdc20f4d898;PASS
2a96ed287b12d1f5b389bbc6ab747d66;FAIL
2ad889c5820a51a3d1d89cad3ec17001;SKIP
2b1ae170269718e98ccb305d164b7047;FAIL
2b90ba54be2cb6bad592a6a2cda4a47e;FAIL
2b9aa29b63beda3b3fa62fe1b7e72336;PASS
2ba456f7a0e1003357462cd76a9593f2;FAIL
2c0e794452bb211311e9bcbae956e2d3;PASS
2c75028669bb2f100b367d5205f25cef;PASS
2ca50b8d026a7a71d9994662d92ece08;SKIP
2ce86c91459070102ebbaf71ba6577cc;PASS
2cebf409cd7558a0d8a12f90689ee489;FAIL
2d0ad4aa9ed9e375d7cde5c919a73241;PASS
2d0db5d1a9605178a6ffe6d793f7e4a6;PASS
2d28e8204e29e166f38fd4202d683404;PASS
2d47e346e71308dc203810ca123018cb;PASS
2d509463f63ac2ce25da1d736ffc80fa;FAIL
2daafe6fefd2fa2a177fa5b43c095f49;PASS
2dc6c2838fff17a8a65768dd4e8369a4;PASS
2e027c4535b867548ad77278e0aa500e;FAIL
2e3284eb96d747f5b2a3a9286ee7cab2;PASS
2e5a4ba4d2938cd359fff70b615a7dfb;PASS
2e5d7d9885957fb2a65dc2a80622d370;FAIL
2e6b264ba7d453310ea4d767fb1ab57e;PASS
2eb2a259bd4dbf39a58bbf12f0db612f;PASS
2ebd822875cc673fb00ecc70b52d3a4d;SKIP
2f0072992e469d80027e425f3d86b4ba;PASS
2f88e8f5016751a8e08bbcbe49a87e66;PASS
2fb1620d9e008be02d160fe05ec029af;PASS
2fc16c1b646e04a2e05aef5d48a96aea;SKIP
300e5906c63c39491e2c08a44b484cf9;PASS
303656ff2abe31443563de1893558a75;PASS
3039eca41e4bc737bc40518e5e0697de;SKIP
303b83e9347cac3a54141d073c560422;FAIL
303da6ae5e5dca0f01b8f05ce475ae7e;PASS
30e89d0720216fcb266323fb0cf94a53;PASS
315b261f1287370e859dda5dd9bdc14a;PASS
317a35a5489db23bdfb2db600558eed6;PASS
31b00e01adac0f1a9c79d6da4d6aae85;PASS
32160d43af4679c537d97ff97a584cdd;PASS
3251088e3309f6ab53e49c62a7aab2e6;PASS
3311d80ee193637c4b90ee895e5d593c;PASS
331758e70f0a5228d6591ee8a8b1975a;PASS
3321b5005c3ff8137019e8e7f36e5ed3;SKIP
33a5f321a6624bfa772dcb00828c8333;PASS
33e3c0c07458003ce5d819ca41ab86b4;PASS
33fa2820e5e74647803a2d4c0f4cadf1;FAIL
34894cf743f4a1dae85d3349adf909a2;FAIL
3494c21ab9b900c228e357a5b6923499;FAIL
34b1b31eb29ef58bcd1871b56614d842;SKIP
34d1138f47f4a6555c0c0ea5d3874be5;PASS
34d2c9cdb88b63b50d5e87acfb0cd365;SKIP
34fab6ae1db0f41fe0c290c2b6d3108c;FAIL
3537d715d424d12de440228ed44b82e8;PASS
35938aaece1c82e07eca39d9e8b4d26f;PASS
3671f04062eff4af272b583382def80b;FAIL
36c56d0957519a76ffe88cb1495f8fb9;PASS
3715d84443b37dbe79accf31800a8199;FAIL
371dad9748ebc84113734f24785e9ec2;FAIL
37369dbb359eabe2dae86063e3f207f3;PASS
37a12bc004fe8c04397e8d3d0e6ddcb6;PASS
387b5b7b74febab60e76759bde8ac9db;SKIP
38cf1c53285676d4b57384620866e24f;PASS
38dbe218ad693ded15426bbad1bc01f8;PASS
39ac7cbc77557ea29d35507cb69d65a6;PASS
39b342be4631be47fc1c381ef71697b1;FAIL
39baa6ad2603c24b6cb262ce7b5a098a;PASS
39c046b54cd3e214f416e7deda503ebe;PASS
3a3ea87fc72054300eb94f286930f270;FAIL
3a5793e10fac6f21948d2b1900e1a369;PASS
3abdd110d198fc78ca05fad5eab5f29c;PASS
3af3f22fc1ac44bbfb7f6544c568d342;FAIL
3b1a3cdef3c3ce3c843609e494483e8e;PASS
3b91ecf37738b985eb6fa9a64bb9fcf9;FAIL
3b94483bc420dcac5d00f8535d688217;PASS
3be11b78ff75742702291cef58434e4e;FAIL
3c76423f28c64bbb84851d97ab585e4e;PASS
3c7ba76f5a9a6d0def7ab720ef5f2db2;SKIP
3ca84f402d97018c33b93eadc4b65f6b;FAIL
3cd33ee23f1866501f55da5ab3de10f4;FAIL
3cda09650c07a4511bad12ac92c66794;PASS
3cdda46efd131cce5649bbc6c8715106;PASS
3cedefdcdae2e9dea27d3b8b9a9a2a32;PASS
3d0ee50ac0912439362515cddeb8bdf2;FAIL
3dab86ce47bfd00ce82b332cf0518e00;PASS
3dc01f5eb7a2bc577081f439d39de600;PASS
3dc9c502438b37a6769fd9246516af4c;PASS
3e09a8641b69b94f91575177c213743e;FAIL
3e152dd3cef3e0fed2545d7c50106a9d;PASS
3e18fc76e9bae69f638f454175e2aacc;PASS
3e46e47f8b3ff5fa70963b9a1de63be2;PASS
3e80cd7d0170e5629ce71143a5bfc764;PASS
3e940290d2de95157824419630c05ac8;PASS
3ea601b897d629ad3449465323ddb129;PASS
3ef46fc74c517c10a1388e3d80a1b9db;SKIP
3f154b9e7ffa3329a22e68f80f98b146;PASS
3f1a8aca4279e41b5be522c117259b61;SKIP
3f28682b5407bd9c1499ec6eb063e647;FAIL
3f4b267f6df49c264cfab5483c1d66a4;FAIL
3f7a8dfaed6a8f4c68d2ca08a7dcb2f2;PASS
3f8c4ff52178afbab73ce116433de2a9;SKIP
3fdc26362bd4b1382132a2cc567dc4a8;PASS
3ff8e6ad4bc77f9320e0d1f7f161f744;PASS
4031b15aea220d97aabdbb3adf5cf2e5;PASS
406cd9200c15bd127c89125bab237d97;PASS
409198353b818f1a9934d64cf820284f;FAIL
4096c5957e7d59553758290104d014d6;PASS
409a3acece0c564ef0617a88bf97e612;FAIL
40a539c32f2dcf82aa01d34d2d6635ad;PASS
40ac2ba55dac854021d905068a750e99;PASS
410b35f8b857467ff9bd11b863dbb4d8;PASS
4154159082fd049f013d96558b93b042;SKIP
416f7db3fb4340dedf84d217abad821a;PASS
418b682c0c443c03843341a92bda05c9;FAIL
41e56784ee34b469e02119c4e59c6fe1;PASS
422959321bf77bc5783a1d0a051e935f;PASS
4244c523ecf8be0353936795b31ed1eb;FAIL
4280660436b2c2a6516bb03581806e1b;FAIL
4286fd6d2222542abf719c75c5d306ba;PASS
4303efec5f832c7289242be46f259f7e;PASS
430a4cd5347b8fe0ad44e8e232b8015c;PASS
432c4aa71ec472aa930b153ad882bb2d;FAIL
43728d07e5fbec9c112a331bb3d43f2f;PASS
43b6359ca04e87e5311c7f790ec8d082;SKIP
43cea23629f533e1256623d8b49024dc;FAIL
43dd72feb75a01b2957c0b6baac08f5f;PASS
442b9cd98d54ce8f20ccc52f3ee94e7d;PASS
443e1f3e1db1b98b1ca8ba042af4ade7;PASS
444da313925f1dfd8493f091b39bfa6a;PASS
44706e7112a7c23f719a39b28d403e71;FAIL
44890eddec1add8960194505c6983d75;FAIL
448f352fb0f0de7697d221cbd52c6199;FAIL
44adc0c9b50d1ea30bd041cf02aa87db;FAIL
44aef335a8ffb978db1ed5b81d8f07e1;PASS
44bacdc36689bad287005190bfb8bc77;PASS
4528cebc7918713fcb46d37ee15d3524;FAIL
4561bcfe8f3a2b5529f4812ca7940a0c;PASS
4563b9f51eff800ccd1ebf25a2b1fe92;PASS
45e4f5c03b71b0369d5d61f666ebe2c9;FAIL
45fe8b95b841ed807a4fc9ec400d85dc;FAIL
462e74b963283834086915b86c667d3d;SKIP
46c136a07cb2de927bd671750e2a1c60;FAIL
46f02e3f5e4921839c05ad6416300f4c;FAIL
46fc19b04c873d2fbf62ff423065dfe6;PASS
4709e795ff1467e009e3b14592cb72e4;PASS
471a14c1a38216eaefa6718c600f1aa5;PASS
473740c4abfc381b8fd62ac659cdd97d;SKIP
474a25390522fbb5fd57eb61c08fcebc;FAIL
47a8d0ae3daf4b38b48ceff642f07479;SKIP
47a9f4a79c05a21329b7091c4ad50682;PASS
47ee8f385d7a32ee9d5274cb028762f2;PASS
4873c270fbecf0e08cf08748a80b9587;PASS
487bb6ad1ed38c3796a4609836408ea3;PASS
489a7997b7ead6699f6c7cca0f94014e;FAIL
48b6993fb61b32a2ef6d2eb9c6e91014;FAIL
494b4186b2d732c986a183169c35c8ed;PASS
497379b75c0fa7f2c1bb1a4b68b17f47;PASS
4a2a648d1cbbc47539b79fe581c2a978;PASS
4a5656a2ddf2f40f1f26df0d605e4f6d;PASS
4a8b52a87c7f9ee187fcb5a4aa9e5bfa;PASS
4ab0fa3980aace22946a9dd9c6a2fe60;PASS
4ab6ff869540abfb0a8c60acdf616363;PASS
4aed7abb2e2560bcde2f2324306a2b62;PASS
4afea910753ca54d426ed5a27218a745;FAIL
4b0b313b73bf54f46715f9eb3d042181;FAIL
4b0fbe26d124114da312193ee0d8378d;PASS
4b140420ccecd140319d5f477a91c67e;PASS
4b182d90df9722efe994ff90c4380d59;PASS
4b4027c42d4c2e3c6356a8cae35ccc5c;SKIP
4bddc1a13220989c0cbc9cd0d29aadbb;SKIP
4c59811fb1859c1e94e89e89ef32bc00;FAIL
4c89a34b3e8bd25264152a647760ab3b;PASS
4d152ece895aa2e8cab5347d91296de2;PASS
4d64579f39cba02ef5bac4c3a2758132;PASS
4dad727e52ef91a328adbfcf2a3cef82;FAIL
4dafb5455af8413d8e664ba1c3f639a7;PASS
4dc5ed9a8b32f8c03ebfe50a5c0db63b;PASS
4df387cab248cc6c25f86b27c795d85b;PASS
4e0c0fc3aa57e26e73696d84a9ccf28e;FAIL
4e6048ae012b889e455dfbb163828a94;PASS
4eac3c5cd69cbb3d1e61949a8f32361f;PASS
4ee54b235a6ab37f818f0eb829ca3088;PASS
4ef024af50c383269f3ea79918ef9a38;PASS
4f21f33f45aed1bcef5b1e498b237c55;SKIP
4f8fc24fb1bc1e583d2f751c05d44229;PASS
4fff14a8102024e9fd75a44e1e9bd1ae;PASS
501727b9cfca36ff65c1451d33b0ad25;PASS
5028bab958346d59de50b45cb2e96b7e;SKIP
5097961abe853f7baa10b747394d15da;PASS
50a2b7c5537c79227d36c8972c8bc96e;PASS
50c2bc9ef1db6435d04321df1d3a0946;FAIL
5131d176ff66f86e0247b014c5c78db1;PASS
514bb2965915bb48311cfada0a5ad539;FAIL
518b3cfb699bd2ab7ac7e66b415fe9e2;SKIP
528806ee89be611a1f25ce387e45cee8;PASS
52a8dbf3ece98b3bb9db3b2d308ce609;SKIP
52ac68f2f386971d2043010db8385600;PASS
5307c719efb16de7b66f2b0fe4913d1e;FAIL
533fec3506ca0f9f345850669ec57fcd;SKIP
538a5c5a784c7db9be277bf32cf881d6;PASS
540ce08d08105bc01517b591f10eba68;SKIP
542007cd93331adffc78f81e48ca249f;SKIP
549c68ca584827f67a88babfe8eff39c;FAIL
54b4e2680459f01b95e7012f402f9e92;PASS
54b96485ca689f022f12312acfe8d738;PASS
550d3ae6b23d17bd2ccdf5430b74f73f;SKIP
554724099893d7bae7a36514ed7f0439;FAIL
556f456840aa97d3401942b88426f940;PASS
55a64c336781e3e97493eece98c3464b;PASS
55eb696b8c6813ddbb47699a525f16f6;FAIL
56524459102be8c249a6f1e0d658154f;SKIP
566be7ca1f0e8ccaa46e0d62f9c9bf96;FAIL
56893ea747e529fabf5a19f17841d6ff;PASS
569e28ba6b8cbae4a941b718f6842bf9;PASS
56a01ceef10d81d2e8e36f08cfd68476;PASS
56a403fc0f3241bbb6b9b8b1cb5045d6;PASS
56a88e74ce869e2934706342e5220929;PASS
56bbeac04b11b44d298791b6f1b4d289;SKIP
56cf39aed72305ab4b70e478a604cfd4;PASS
57060cfa6d0ef18c9ca6222cbcdce733;PASS
5742042694ff2ba690a4f5ec3178d832;PASS
5793cfb11b24816b08abf7b48219670a;PASS
579ad3222e511bd11981ed389e27295a;FAIL
57b23b39de20544dcd04cdfbb89b2956;FAIL
57db6af9ee4e8d9420fd052f3cbd3b74;PASS
57f50a958e9632dab51d85a0cb90cccf;FAIL
584334b39ff1e7dfa1ee7fde1cfe357d;FAIL
58455623ce6f0ee7acdf343176733661;FAIL
5852252260122b409655570c9240dd42;FAIL
58a146e21fd0ac62eff086c9825ec368;SKIP
58abf87e60290fca26a2a66b504345bc;PASS
58e58ac2e6a5bf0aa216847bf7974978;PASS
591fc5b5dddf78ab566d8f8cd38c2e4e;FAIL
5929868e6aee255255a9ba8b0d62c18c;PASS
592ed4297ab45427f040203ce3a08444;SKIP
5953250f979bd12697e3a0514f2cb5dc;SKIP
59578157f055ed3653e096252ee15651;PASS
595f10b9e4359f34b62f3c18a0706304;FAIL
59676de16b9c2af58ea3a47717dab4e0;FAIL
59b1e7c8bf29946bdbd8e33f72e69cac;FAIL
59f4c6a54844d19bff72897603db6a5c;FAIL
5aa3348e0dfd8ce58800128d02d787b1;PASS
5aa546a7fb1435f9344e22ec746ec2b5;PASS
5adfd62bb790a14520986cbde681a01c;PASS
5aecd4c8ace8483caf8519f92fb2d463;PASS
5b107ede3ce197bc287f04ecde08a0d8;PASS
5b4c8931f415da815286cd9fbb025680;PASS
5b9ef2e96f60ee15960dfdfb0946ac98;PASS
5bd067e96684e11038208666b9696c53;PASS
5c0f5f03dd04a1b63532eb89b43bf6f0;PASS
5c42f766bb3c687393e3e94756d50d34;FAIL
5c70ca5838f61936d4d883fec88705bd;PASS
5ca708b69d0532c6850991f1f2e9d816;PASS
5d16b18700ec185cf961e5259a9c8b53;PASS
5d17dc614adef3969f57c90fed69fd59;FAIL
5d25185d68a49bd4e88dfff3a15b845f;PASS
5d3f0212b83a82d55f90291ccb4d8b87;FAIL
5d582e8ba01566854c0ad973455eb926;PASS
5d879bf5bb18778d6711dce910e1e426;PASS
5ddb0a985535e8986806bb25d3c2ea86;PASS
5e1e40e30d34ade053e2cbd2c7b0f925;SKIP
5e59c67b7dd1e34b0357fcc07aca3413;SKIP
5e84a61c5e4b9f41dd1950c2cbcbeb7c;PASS
5ed0b170527f8745434cfb1fd79e43be;FAIL
5ef9da160d9c124061b775c1b23e7736;PASS
5f099d8327f1c3b88141d4436b31c92f;SKIP
5f0fe77fc87d4249ffdf207257541acb;PASS
5f2ff323ef8b271c373bc178a2bb884f;PASS
5f5f08f2356d4585b36affdfc73e6d61;SKIP
5f7e635bcbed8ae8f3b9f22bdfd99038;PASS
5f899cac3c5d60f7c56ce347308ab503;PASS
5fa9d6e3ebc1f6da8e518ba9acd6e1d6;PASS
605c303739766ed0820562af007bc737;PASS
6109e055470e9567183f9268a77aa6ab;PASS
610aad32de4ddadc04521418fc779ba1;PASS
61144c95dff8768bdb2fdc634bdae0ed;PASS
61194237f1fa5c335bdcb6d6c5334ca5;PASS
6130add010b49e4bc6d429ead53f678f;SKIP
613bc925c3f0d669feeaf9067d99b3a5;PASS
619f1099c13007519e3cca8fb336574a;FAIL
61cc549174d48900041c5fce3e6ebcbb;FAIL
6238b7fb6c9b13d1f28fa2cfb6204643;PASS
6273f6c68d116094824935caa3cd0bcf;PASS
629c780d46b0296432e4b210d0f5e985;SKIP
62a2bdc88d8d1da1481ad48c456d0857;SKIP
62d8cd4477608649272ab4026eece6ea;FAIL
62f08e96f6e3112139304f151c9ca4a7;PASS
635c142ab744fab7a6d7b78d58f4d6d3;FAIL
639b2f7214e255f3e8bc94d6d73c0dde;FAIL
63c71525cadd974e2bc3decbcd903e9f;FAIL
63e61293c33c85cddfe4eddc67b54ceb;PASS
64204e26778790337f59df0e821a5126;PASS
6438a7b3d182b3de57a7d40f45fb245f;SKIP
644d52540d594bbe351413bb01e73dc7;SKIP
64e2362b8a6dc9d8659ea10e15783cc9;FAIL
6502a3c611f506aaa79fe895de84ef81;PASS
654b89899f9fa4c09b35ee1dc69f8e6e;FAIL
65f310266e2aae847db26b19ec60686a;PASS
65fe329336f736b8d009f1dff8133df1;SKIP
6606f9d7cd158175c12631d1780b1105;SKIP
66162f5a5b59ccda3504e612de7aaf9b;PASS
6679240c44e3fa18cceb0169f42876e1;PASS
66983b9fc288d9b412c66f466b09d4a5;PASS
673df28d202db0c7244b33f479036176;PASS
6776120f4c69095f146800eeee718714;PASS
67924303aba2557ea82589218c355d24;PASS
67a7c19dbc55032e385789ef4e48b2f9;PASS
67e8c2f6888977d7b2a32ef974a95b67;PASS
682f5c22f11f8408925695a3cd9b522c;FAIL
6835f5e8f0119f907462c284bfe8cbc7;FAIL
684f5c20122977ca389bb307ee0db6f7;FAIL
68a058051dfe3de20574ba87e63cd87f;PASS
691698d78212c34b13ae5f677ad1f043;PASS
692b17ad7ad5eb49690985952539ceba;SKIP
6934c672d8a0cab538c2ad5c5de019bd;FAIL
6949042a9cfa6c0f3975ebdb6cb2292e;PASS
6951ffa47ae48d5c76c2ab84a803ffe7;PASS
695238378210ff2c340c872c19f0e863;PASS
698baf3b8b04764c6f2512f371c559be;SKIP
69a7f97222529c2c552f1608679143d8;PASS
69c45273a2208dc2fc33cdc0976134e1;PASS
6a01d1df356ebd8c75bcd6edef6fa486;PASS
6a387d138cfbaffe0affd5b36105b535;FAIL
6a75d5adc4d9c475845c9b87c7d46f9c;PASS
6ada48f5b1a48ac77feb14c2194057c9;PASS
6b0951ba3cc311e911818021463366ca;PASS
6b88cf93d11c7f56afe68daf4ba4c0d1;PASS
6ba18ddf19d1d7cdadb08ce775da4dcd;PASS
6bca6ed387394bbeb02d4fc562869502;FAIL
6be058f4a7317282230aa01b63d778d7;PASS
6be0ff56fcb02a0b1f35dc4ac4ee50d9;SKIP
6c172fd4f6e6f1963a90f438379bc03b;PASS
6c260f0951615f7479cad895b3543715;SKIP
6c2abeb5ebd51a85be0d19b88e3d8f04;SKIP
6c51631c5a63f3e9677dd726cf9e7e47;SKIP
6ccac0255465ecf29e2cd8b7a8b5da59;SKIP
6ccfe0f097fa1be5fc41e378a4e6bb55;PASS
6cf0bc20378a03e245638fb37013e070;FAIL
6d691f4aa65fb8cb33ae92cbaae3d944;PASS
6d983a721aedf60ea5b6bfaee6a97d07;FAIL
6db5f960dace62a10c8ec40c999c9551;PASS
6e037e9925023c4b58fd114a13995f57;PASS
6e2888da58e16c15ad0109d73cc9fa0c;PASS
6e3c2116d475d7acd55c9681bc76382c;PASS
6e8f175da59e84fb56c448ba6b7dc284;PASS
6e9ea2f0ae88946d7900635f0430d0e7;PASS
6eefb94c67f3f796d954260439617c9f;PASS
7025d82aea9a49b6a9af33e7d4931de0;FAIL
70834ff4e04c44c1f3ba354c5b1d78c5;PASS
708b694381c89531d5f2dc1c22c1b6b6;PASS
718242112ffcbf34731fe0eb41798d72;FAIL
71edfd6b44cbf5f2ce79abb6a95a83b2;PASS
71effa44585e1fd453bf54094200ad8e;PASS
7211f14bf0e2cba7241c7d4525d3ca82;PASS
7231918c601d515e39d6edd8d7a2fb14;PASS
723d154755f4f592010ed8e9d3faf02d;FAIL
7249451e73f8b9561ad03a5f2005365b;PASS
726304db5d0dfe026fde75e832d27a88;SKIP
7284a9571bc45ca1f8b7421599fc1e44;PASS
728a60bf7f421f933b2c00a097390c1c;FAIL
728ea33ccbb71e58a49d9fcd031e37fb;PASS
72923e216ceafea871195dde0bea89e5;FAIL
72ad9e113ed572a87c5c70eabfa1090a;PASS
72bccfcf8ea925402804ea6ad7cf360e;FAIL
730f6f49350395ced1de214cf9343255;PASS
7345b971f42fd5a0d69c5a388d4b6f78;PASS
7374105ef80dd76a40a33ef009817e62;PASS
737828c6b7258a661f06b122ce5b5e18;PASS
7409fd1e63cd364f7ccf8db13c930046;PASS
74191253898b08fcb06b5bd65f75dff0;PASS
7425061cbcab968e076a99e4848eda61;FAIL
7439586c70427dbb062cfc82b3ccc2d2;PASS
74404df561958c36977d77f83af07a75;FAIL
745b459117332edbfd9d5f9780cea25f;PASS
74d0e9ffff0b46fb3bb1f67e7c8401b6;FAIL
74d4a0d261239c7a52c8fb3949bc9018;PASS
74efbed0cbaf3f424c66a7de41b52df4;SKIP
7543b972cf9c6590c34bcbad7a4c3fda;PASS
754c6b4373592b7fd8e4d95ea725c7ed;PASS
75545a5165587f1ddd50f15e47c3a460;PASS
7567a32d137a26e50b97fab09c003584;PASS
760d96a71738fe179aee516215b6b401;PASS
76781c849bfb1bebd3038477807083bf;PASS
76893e44bafcb121a3489b6d7077ce05;FAIL
76d18461859efa3f6adcaa35fae3fea6;PASS
76e11931d4d1e676404c453965d3b2bf;SKIP
7718b6afdd7c10258a7f2e8dda701c39;PASS
774011bed3679b0845a212d91fca70d6;PASS
7747fd4d438647c0a107d18e30a64479;PASS
7772bc5eda90dda10a71015a3b00f9aa;PASS
7783041ae7f10a39861fcef612d8e7d7;PASS
7785e5499411e82e98b089fb1a557e32;PASS
77f2bf83ee5d5cc24ebe07bd4bd5ce99;PASS
787353f06cb66d28d74698eeed5e8a8a;PASS
789a9d42ede2434bfc2c8305422cc54e;FAIL
78a21a1f7742108feb4e15f135fce09e;PASS
7908a4bd63a9efce1c7ad413d506bbe7;PASS
7910008e6f27abb3e8833057c98fa0b8;PASS
7971a4003762024cd3b97552c9d74808;SKIP
7979e82627688788c6eefac1d8b304cc;PASS
79df8b7e8b55d81265ef4e9b2dd5e94a;PASS
7a49bcb146fdc702decfdafd92b68602;FAIL
7a62ae7221fc03a8633cd5bf8cb16d36;PASS
7a6fe29893e5d067ee9115a3bdb27397;FAIL
7a9549088ea76a440c48bba6f3b44082;PASS
7ad7e151c7a4ef5d650c2a9407a17e21;PASS
7af72e0c213d401141d2b8ed68525473;FAIL
7b12300fa6355bbbb9abcc64539d9dde;PASS
7b284a70a25fac4accd016f8c047e111;PASS
7b3c84e5a94436913cc287d651f53a89;FAIL
7b61b6882a93945ad8f30a8d2b8529d6;FAIL
7b6bb711d375fb449b1d029227d7f9f8;FAIL
7b7edf301c3b43b79fa3fe87e9319b72;PASS
7bbccd24bfa6801e5581120f361eb4fd;FAIL
7bc6cd3cb0c2790774dd1e5749f73dc4;PASS
7bec59c8acaa9a1aec30690b30998ef9;PASS
7c2cdc300d4633a8c1ac2f63c6add67e;PASS
7c50040d2884d03daba875097ea123ec;PASS
7c8442a303fd1f111cb7fa2481ad3d83;PASS
7c87ceff41c6a1c031af7d27fc7aa2f3;PASS
7ccdff0de5cb21769a5cc89a68877b34;PASS
7cfe2dfe6d55c19dc7378b81191ea314;FAIL
7d25c17a30dea8eb9027645345f6647a;PASS
7d46d1a88f0afeb5753c2bb4cfc1444f;PASS
7d4c2b80321de07ab69681b4c195e4be;PASS
7d4e09e3b3719b561d5b24814fb9da0c;FAIL
7d7a8769868888145489391d9eba29de;PASS
7dc663b4b323c69e8df9d64a39897e18;PASS
7df259eb6bf4c581a59a82d1a8ef0639;PASS
7e224aa0c53a391eb9aa709468e92a42;PASS
7e3afed7a1ab0ce9dc3cd107c49e1e87;PASS
7e4d1fae02465d821e3822b92bf2110a;FAIL
7e5a5ec7a4c9cba94f763afe18f3b93a;PASS
7e741a2a3261e8d41b8bb007ef89fb05;PASS
7f750c8cea18e52f4dc9f45f2c407eda;FAIL
7f9776b98e8abb2a698589fe3e6a2dac;FAIL
7f9eef9b38252394aaff72e725a22f17;PASS
80006611d75a27caf760e919ad3b97b4;PASS
8046349a313d0a4c49b7a919003c3bdc;PASS
8085a249ca9bb6cff14f9f5394c1537c;PASS
808700b0a35644fd7aa0a4e8d214b486;PASS
80b455b9db1da50065d43b5915fe7155;PASS
80bcc95ea38ed16d19bb96227f2b8eb2;PASS
8127b8ca6397a3c3117f8c9ce41e04d6;PASS
8148b97306e97ec6fbac34627e8f0d96;PASS
8169d9bed0a69fa1f88be3cfb14657a9;PASS
81eb085c0476cb753a52c2568c2846b4;PASS
81ee866e27f7368f2ed6989aeeedc23f;PASS
8242c3249d304779059ab17c947c4e4a;PASS
827d20a2ddaba12bd72e57c9dcbd45a9;SKIP
82ad9b774779352340ee9a12b1e2674a;FAIL
831f26519494e5b2faf07f21e5bda159;PASS
8330746c30648bd612a312818229edb2;PASS
835ff53e830c72c8e856334e9f5f682d;PASS
8367873cd66602f48456aa21cd835137;PASS
83705782d9ab4f571dc85de93b949384;PASS
8374d6a5abd57fd2c1a3e753515b8240;PASS
838dc7d6445e27b7e499af031778fba3;PASS
83d9fab72399d624666028bbfe29dc7d;PASS
841bb697f77c1d54cb47164fe95d813e;PASS
84225d94ab3418c9cb1db21da5c6426a;PASS
84308dbc7693d1f71c4308ce782ef182;FAIL
8491c60ba7d0211b384a3f6c8614ca1e;FAIL
84b77e52379832a842ddd1b73de9c337;PASS
84f0bad5ae0661ac107142d8ecd30313;PASS
85191c78dbf74f2a4c3273cd51a88fde;SKIP
855fb850494028205839a5bcb9f9f452;FAIL
85f6ee3e1d21db68ed7b3f672b8a1d34;PASS
864da54e0fa44f687b41465a4d111336;FAIL
86616f60f026a5bbc042d098b6d47385;FAIL
867d7896e03ab75db33e118d6542911e;PASS
86bd520a65d7deb228b3e8a653387c21;FAIL
86cfdb292c06b8c35cc08f2dcd664072;PASS
86d274032536838eaa321978356a7fca;FAIL
8722953366e12f155a0c907a2306f75b;PASS
87e0e9e65ac9b064e3a583b024adbba1;PASS
88bd489de8275250769db264a1f64b85;PASS
88c1d23650d1ab6d9d831396f4e66a4a;SKIP
8900c6c7adc8328c5c96253529bca14e;PASS
8939e56609b255fd3f8bfd3872517622;PASS
8947f6c1a8bc88ebfbe78e41fb9410b6;PASS
8a0c25954738170af4bbd1dcb8a15d1f;SKIP
8a3fab81580d5a7d01eb4aa7807a254e;SKIP
8aef72e9c34b4b4925ad95dd2300f195;PASS
8af1c3287c3e9d3386c3ec487f963d75;SKIP
8b21d7ef748fa5596753073304a3e0b4;PASS
8b495c202adf12d2c9be3343a2b272cb;FAIL
8b537552f58a17aae46e70af3aa74ad7;PASS
8b65a8ae45d88d01c727c1bc3dbc9179;FAIL
8be89b9eaba53d8d37bc0c09575980cc;PASS
8c3a1ad80c78809170bb4b46b3d2ddbb;PASS
8c52a9e4f49f2bf452e22a3965f885db;PASS
8c7208d0ba54f7db6d1e5c2cb857b957;PASS
8ce599e4a19e3a2f60a45b8b90b5b14d;PASS
8ce5a96a89d93286a24e65b8c7dbebe8;PASS
8d411dd462caca00b35ec63432f50304;FAIL
8d845562d8ccbbe36fdec48301e2c610;PASS
8dd7fb0cb7cb9bfb879cd8de377e6119;SKIP
8de4c22c30b045570b2d7712d9bd01d0;PASS
8dfb35c3df5e4f3dcc8161baf150cd7b;PASS
8e04e63ecf54031668364a88fd92ae31;PASS
8e15e5f1635dfbf06312f76d15e91f2a;PASS
8e490d245cefc34b00d177f3d5ae9588;PASS
8e5649b20830e3668cc31a7b538f5b6f;FAIL
8e8af9dd332c84b88b958615f03cd9cf;PASS
8e998072341535e73a8a3e64128561ba;PASS
8ea4fbe815109bdd394aa43cddb88f76;PASS
8f134df520c23bcb9673563651150551;PASS
8f3248180b2cc9d6641caf1b134c4e34;PASS
8faa93e41996873a151c9d9f2425e17f;FAIL
9007a8dc4c12306fcd9921fba60517bc;SKIP
903583b5a37deaddda2f555899a2f9de;PASS
9036436b291f90a55ba93d236d26e1da;PASS
90a332cd10091c8933548fad664b7654;PASS
90c5f527b92ad78935a5c27591a10dc4;SKIP
90e899b869d35134fb19c4851cfe9993;SKIP
91155ea96cbbe62aba3817ceb7754552;PASS
912f48ac94d7eae6ec724d5ec548b920;PASS
915ca9ea7611001330d4acc2c17dda78;PASS
91ae2cdc4a6d8e2e3d4b4e6f2d9002fe;PASS
91c7fac6a4d4c23a8d9df1940e299446;FAIL
91d5d8a73f5637855eddcd2a2bdee020;PASS
91e17a12f9115db377add186489f62d3;FAIL
91fe3072524fedde28f0c7f586565d73;FAIL
9201d0f5fe84490fb13c7a5cf7031cbc;PASS
922fb60fe837eaa5aa4a72cf3c263f13;PASS
926305d2fc0b30edf06adfdbb6261e9e;PASS
92b4e86e56d4baa5dd2fa759768ddb90;PASS
92b5ea6fe590c3a7585d6e3152626ccd;PASS
92eb3f6d4113a2f617720898279c9d4b;PASS
93045455000c2e034e9ce66f37f55c4a;PASS
93206863a2565f1d15ec8f0db8f673ef;SKIP
932b02b9a4f0a00a2750fb7b3f9bd22a;PASS
93304bf5ce49adbb99aa4e5881d34ffe;PASS
9335a29f2bab520746e5fd7348c51c31;PASS
93845cc1fed0e317c8be278ab83abe00;FAIL
93b5f6d0273d926e3d01be362cf80694;FAIL
93dc43d9970872f24d0423b7f2168a4f;PASS
9420020d3ea94799e0a6b4dd9c4356ea;PASS
9438018df7de73f2949cd0a6277b14a2;PASS
9470912f8066311fc8133f6264005a8c;PASS
94714d82337c39690f4806d5fe378eb0;FAIL
94e7d88acd58cc6e44665d1e5665ed6f;SKIP
9526467c30ab64a31b301b9031bfa0d1;PASS
9568353136f3c4d00019dfda181e252a;FAIL
95765c3d9ae4abff7f37bc21bb7082a5;FAIL
957ac10e51a37413f07cd2a1e9b2d9c6;FAIL
95adfe9777e57c318501ebd61c330fd5;PASS
95d10b3f5b9af613d308d5a3094ca5e3;FAIL
95d140ef5ebeb6d7221a4419d3ff603a;PASS
95fc7e0bedb4ae911cb1fbd4eb0822b4;PASS
9629a6300cb601af188016d88a347b8e;FAIL
962c98303c248467a63986c30ad75eed;PASS
96a3e5ecd879259f306e567ca1efcba1;PASS
96aeba19d9f9f99d557602f12bc073dc;PASS
97209b8002581613f887d47a5b80e732;PASS
9735496c49446f7833d65c6af24b8e9e;PASS
9753de1603a87df2a929eedc6d0238d6;FAIL
975ed1a66392f6cd655e1c6212bd1c90;PASS
9788e6f1e79e193454f8acab62e96475;SKIP
982ebc4954aa2041091057545407d260;FAIL
983378020d1a0710c7f82a38debb2888;FAIL
9844ee4e06c6137529f61d778cb30237;PASS
98936b1b797fde2b0ce980b1a41ba1f9;FAIL
98ba82938b0b4f280f048e58c8eabe53;FAIL
98de5d881bff15352ecd3dfa5600cff3;PASS
9909fe3531d9b49d843802ddc2dd8de0;PASS
990d11dc606ba0284bc54a4ab5ebebd2;PASS
992233c6e8ee9b8f07fd6a7aedee2115;PASS
992b18029960aec4f18d5ab1e12f1cc8;PASS
9989f2932402503d246c85f97e7cbfa7;FAIL
999ff7e075f1b93f02a2f855d768320a;PASS
99a197ae4b43246876ea3b54240c18de;SKIP
99a6bddd6c2a03605107f487cedc964a;PASS
99d6cf3695f8762e41fd9c142fbd7d25;PASS
99dfd7d06018a0d501f221b44ddef396;PASS
99f8b6e28ffff001b66c43e32aa8e4a8;PASS
9a2687239b58f6e077b0c3f209f39e41;SKIP
9a3fb5c6969250f1b7b33121be7c5fb1;PASS
9a732883931a0df8ef468ee6f36c2394;FAIL
9aa4bec908960fff21cc229845c314ad;PASS
9ab604a139461709ec90a051a5b91e4f;PASS
9afe6811ad03a42dc763737993ab45c3;PASS
9b5115a42cb303c4d15260b60c2e5a1c;PASS
9b6c8163aa2ed8cae68682a0a5237553;FAIL
9ba61d0c34ae3a30e0804e76a0110d30;PASS
9be5bb89c974405632e146aa2c1fe4da;FAIL
9bf649c5e3e562e949d5a93b70078d50;PASS
9c0c949a460d5e442794f41993f76eed;PASS
9c2d01434ee879dcb36bb6f7bac39cac;FAIL
9c5a1ef9475b03be351925f6f269d013;SKIP
9ce91486bfe7955d46ada96ca29f12bf;PASS
9d02af5640b9a0957b4e00bd289cdcc8;FAIL
9d084b7f88751a2ac52560f7a9206aca;PASS
9e50bf7f9cff0e182ba810f87cc115b3;PASS
9e9d32b3cdb6d8412e0058b685ec7890;FAIL
9f069e6f5be95806515526afc73dac30;PASS
9f12bef020f00e4ac288c31c3af2feb8;PASS
9fa2d174efc36272467048b9d25ad0ab;PASS
a00bcf0a44c234f9517efbdc8fb1f925;FAIL
a06f5856f684e42fca10b23244e08238;PASS
a0c872b638a43250661b8fa8a6bf39d3;PASS
a122d8426a8abf7a3e78f3edab04e44e;SKIP
a264909ca1fc19d395fe3607bea81e62;SKIP
a265f23630152bcbced18fb63f53f598;PASS
a27860c1aca5032e5fb26ba5c99ca296;SKIP
a27f1d9f4fa30246e7c011615fe5fd85;PASS
a2c0e9a93964f57da2c265d68446a902;PASS
a2fa585ddf521c97c4aa6c21886b19c8;FAIL
a31c110f279159d15e1923e0cd15adc6;SKIP
a35c89c33f7b80180369f83369e3052a;PASS
a3dcb5a92c4ef837b0cddc7623e969e6;PASS
a411e9dc2d1cf9bbb1fe74b9f1e7cc98;FAIL
a437709046afdd491c2695043bb54f57;PASS
a45499ab5bf78d39a1bc88233af840f0;PASS
a4bc2092a52d1206673b78281bdb792d;PASS
a4d0dd67a324024fec23a79281dd04c5;PASS
a4dea0dc47b7ad92c57aca15bf4532c0;FAIL
a5190d39a4ee0fc68a840bb456811a42;PASS
a51b2d0605139f812aa3d2f560080514;FAIL
a54bb8ff8aa5f2c982d5319290c2712a;PASS
a59069e26fda8bdc9af5501be7b36cee;PASS
a5ac166807dfc08127a66ffc73335d2c;FAIL
a5d4da9ae18f62e084239c1eee950e74;FAIL
a5f15393ee5dbe611e28711fd4c4f359;PASS
a66b39ac6d836b4ec37d2bc76d72bd92;PASS
a691b81d8e3a461a094546cda65eb56c;FAIL
a6a5574b2d4c92c4b3fe43a1d821380a;FAIL
a6ab46a06bf3fd8c2767a3417f212f9e;PASS
a6cd440cb616c90aedbe63cbeab65006;PASS
a6d76d20ddd76289ca73fb6ca22b29b9;PASS
a6e9b483a06e9457e9ca25329d8476ee;PASS
a771f2c233cd62864f9a30593500eee7;PASS
a7746d58f0b3b66fc025f564c5996727;SKIP
a78da23e6a55cc51bac75b0d5b14a4bb;FAIL
a7d6bd36538ad9c0336974e7f3faf125;PASS
a7e1001b024196a81900e248792254d1;PASS
a7e80784bcc58769648560783885c0cc;PASS
a7f856d8755ee6ea2502d6d8b9f89c10;PASS
a82124f6d4f41aa467693af22f13abcf;PASS
a88da7f1e528c1c6aaec05ad5f1c0817;FAIL
a8ac12e80ed332cae5b97f8ef5ec6988;PASS
a8c129d51981fb7140a0cb8c5656a165;FAIL
a8c6109c52e619ca75f2530e46726a97;PASS
a95157b59879771e1cb9f20ad8766402;FAIL
a98d7fd9c0c97c7258ebff30520aae3e;PASS
a9cfc1031077ef7a06c438458d8b3717;PASS
a9d822f29e3490395889a3ef00322376;FAIL
a9e56e9e1ac396cd2f0cb53b768089dc;FAIL
a9fe6b60a7656ac71c3af3b2af832ffb;PASS
aa1e941b54f0a7b00c09429c9ae5432d;PASS
aac274faba3c81661707c9af596c3588;PASS
ab1c2cf1cdb2091a7ec362233517672e;PASS
ab96b14276003e448dc825125763d871;PASS
abd251399769ea6cb3e9b3a94f93684a;FAIL
abdc057838f8a66ef0d88a8e07e63021;PASS
abf4c371230e279bc5b28976ab737004;FAIL
ac0cd563a61d4a5207d44d785ebff4fa;PASS
ac6a0fe5fd321db5b0f252be053f49d0;PASS
acc8e187b754eb1320d841a228cf84e9;FAIL
acd148f16375e0390d6aa97c13eba0b1;PASS
acfe8b02e05b910dda9c85949936e81f;FAIL
ad5175f8568cf6f50d13b39aa073eb92;PASS
ad5696d022391f2f600cb02c988ad0c8;FAIL
ade096620fc3c67e1138ed01102ba71f;PASS
adf45f762b81ec3a404461b081c3bf56;PASS
adf78afaba3fd04ed709795a8d104bc0;PASS
ae074143b9936748935da8cb592a90ca;PASS
ae1a13476bf3784444190f1ca79d81c2;PASS
ae209d4e3c744fff07088515af6e197b;FAIL
ae4fa4df4d2bbc63379146b0ab9025f2;FAIL
ae693366f0f73035c839c6ced8598968;PASS
ae96f87c87b7ed8fcf6062d7990905e7;PASS
aeabeb79825864d348c6198cb4b8347b;FAIL
aee0538408fc54f39133f89e15f202be;SKIP
aee6e65063fcda9e869b4e4580815fec;PASS
af29fc8f0bb059357f1e0e30142f2053;PASS
afa24158a5fa33fa5adc645f5ad2cc27;PASS
afab73ee5bd97bc3e5a361300c7be98b;PASS
afd1279b110ae41a59165b86742c73b1;PASS
affcc30015bb483d86e022ee839c4c75;PASS
b11addeb00f530ad93c19d80fbbb0667;PASS
b14fc85602565ae7f9ed9813fd333a7f;PASS
b1b94cd2769eb8e41d89f9d6e5242c33;FAIL
b1f85c0652e85e9eda179ab5df1ba84b;FAIL
b2426be6254191d4933770d5c4556345;PASS
b25f6126bf38eaa0832d96bc8a7167f7;SKIP
b2a50db297cf09a2414d5908d0379ac1;SKIP
b2ae0c21a05c7e6112b0cba5020ab18a;FAIL
b321f735a61e8871dc4b831c8de7d03d;SKIP
b34a00a17b3cbe413fa223fd5f501e30;FAIL
b37daf387b42672db1362161b8a32fe0;PASS
b44911456ac726cfc06e87837c9f7482;PASS
b486f8a9fbb7d8447fa36a91b446b460;PASS
b532314c7cc0bc194ca3ffd2d2e5c656;PASS
b53b90f188953517e55fae6ee0b1abf9;PASS
b54b1816b1219f11f2a4e6cef5dcfcad;PASS
b54c9e0e3fbdc06cb5089b3922d628db;SKIP
b59b0e1e9b64ccfa761c092d9006a453;PASS
b5d623d26274235f791a6e8fa9be9dd1;SKIP
b627e004a3e78d13668c715c6e59f78f;PASS
b63735a1ebdf9ea637398ec5f03cfd52;PASS
b67dbca1c239c4e20910733fe19ff961;PASS
b6c389b78c853050eadd46b610fe9208;SKIP
b765932a1d307e996625ffec0ecee1eb;SKIP
b7673dca55c4f5a853231bee827feeae;PASS
b7e25fbed218f0260de8a7937bb8ff53;PASS
b80156130520402bc982680fcdd26617;FAIL
b81e56954c2c62991ec14895a088bc98;PASS
b8233a3baeeeb79167da1a83212b62e3;PASS
b83636a2be521423a3bda6954dfad2f0;PASS
b837c3f0c44e0a1e57a044b3b007ee88;PASS
b83e57a412c47826ad9b176a8d19243c;FAIL
b8733851b29cd742c2608b1102198579;FAIL
b8dfe426f4afb3ae8bff85a11bf4c0fa;PASS
b8ea63fb1f3c7b7662476ec450d51b03;PASS
b9313ecb743e119343e5bce8fe059d1c;PASS
b9660d9a70b90439720c9a4a0f900d0b;PASS
b973dbfdce42c449c5ab092679779eff;PASS
b99c6fdb76d7cdfdc256ce743e982d7e;PASS
b9af1dd5ed538d3bda6332dcdb6531e9;FAIL
b9b7652bb2db4f7379e09b6a8bdcc9d1;SKIP
b9de4e81f8b4ef9112450e0c52cf9369;PASS
b9e1164fe2887dc7f59c49d9b9007f66;PASS
ba28011c5b14865411b7e85aa0699318;PASS
ba73ee9993bb1db6382e8dad46d1eebb;PASS
ba9517c11ae2cc065e461f7d51e08b6c;PASS
baafaf47d9517a1bab36357d94d0457e;PASS
bac1325f679ac42a2e7ac456ea4d7f88;SKIP
bb08c1766a0a9f4f39df8754d132507b;SKIP
bb0e70d35ee0caf3ef6153ac3b300f78;PASS
bb5391dd2265d5578d914f4e49e66efc;FAIL
bbdbc483f8a5e0545660771ac20f18d2;FAIL
bbff54a0e71785b9ccd185e33fea4b18;PASS
bc0ef73b4bfa44998aaf876180ddeca2;PASS
bc28c92abb42f5973a9609ff6ad3a705;PASS
bce5030480ab9a8fe605f7c1b79f759a;FAIL
bd6cf5a68761b0d8383eb362c6c4ae39;FAIL
bdaa7c02bdf4bc80300f49619d561e30;PASS
bdedf520b955309b8a795fc7d9d954ac;PASS
bdff858dd73ab057d11643543174b26d;PASS
be344785906e30ca287e4261bf04caaa;SKIP
be442ce4d78d1295bc10bfc874409567;PASS
be481fc0a1f959c94529428052e65424;FAIL
be538d68689b4a1f6204f6432163f4e9;FAIL
be5e5684777fd2de1a5942663a1ae5e7;PASS
bec883430863759b57d89a17fa0c3d6d;FAIL
bf23e7f303c31289d41677ab5fe65da5;FAIL
bf340279ae1a91b2da4ff3fcf58109aa;PASS
bf4fbbd34c94d45f7b582659127647a7;PASS
bf610d2a05eb8cebf28c33ae25eb8710;FAIL
bff01678be4f811e2349107b91ac3f93;PASS
c005c974836659ddda07c3deacac1c2e;PASS
c00c71606d68ac0e0de29857b776648a;PASS
c00e890f8dfcd17e3dbb7b42c73569f6;PASS
c045a50816fbdd3ba88da1c4234c131a;PASS
c070149bb87253c545badda4ead86a21;PASS
c0fc273506afd126db2be83d554f4e2e;PASS
c14ab8b048495419553e3b91b58eb0fa;PASS
c1650a532718a8ddcc362e5a1d72d2f8;PASS
c16a983f52e8737c76b6bc0967adb428;PASS
c16ecc498e2560bce80d119feee51734;FAIL
c17cd4d3943f838eb66947dbeab89fae;FAIL
c25a06bd13a74f6345381ee7a429ca78;PASS
c263bebdd07351fa8504616b67ff3179;FAIL
c280b4d1bd696c2d41c4c4b97198ec46;PASS
c2c2c16b7290e8a53ec1c0376ae4a2c5;FAIL
c2e49f3e0b0d837f467aacb54b69fe50;PASS
c2e902bbb2705fa63dd2b4e0f1bd3288;PASS
c3047198e3ab54aa0c99aa6ce806bcd3;PASS
c34dde5f15a4a9b7c090f5131ce1ba95;SKIP
c36649da3888edba5ac13dd47afa60c6;PASS
c3876beeaeb222ce86512c35a1382c71;PASS
c3b0e17ae06c033938368563b863669d;FAIL
c3ce4591002b483fe9e3259b63d9fd85;PASS
c3ded1bf4f2bbedc117e9e72fd4d4382;PASS
c40b630d733f2953ef15adb7a2574d3e;PASS
c420f855873f5e833b22ba03e1c33282;FAIL
c46f5de596cf53d60778f1e45475c6ba;PASS
c4886539071efee03dc1c6d91fd8fed8;PASS
c5570cf4e0e1a35d8f4e14c8405819f0;PASS
c58f4ec04299a5ab346ac8c4df07300f;PASS
c5900d13e9eaa0659af2ee93ccadec8b;PASS
c5d770fc0156eb242023eef1033a2282;PASS
c5de0e701c5eb9b616f5b90746180b4e;SKIP
c5f5795a8171a1a439b45494c06fde97;PASS
c64e2c051f5226f3c038c1e4ac5d2d1e;PASS
c6b6574c36784a32c857212c2a90aafb;FAIL
c7107f4450c00302ddd6a13e508d5e29;FAIL
c71852b7d950b37e686bc7420abf03f5;PASS
c7639f3910dd954205d62d4444884488;PASS
c79963c207eb6fe8fa0ce03eb4dd5a34;PASS
c7b33a8b3a281e2cf9d17e419d1fe262;PASS
c837d3112097a61dd353003982383ac4;FAIL
c85aae40ea4eb4955c90a82300e9b4e1;PASS
c861c997d982e83dd08a45a3de0bded1;FAIL
c8ca25c8e7631fce6c7edc4ee6a30591;PASS
c8d0cf3c6083b94397938b0ccf4e0af0;PASS
c8dade7aebe729f9573387c2ff624f0c;PASS
c8e7218287db6d2db336ba7adcd0f961;PASS
c8fcfae225b2d0b00774bf319132de17;PASS
c935f2f6b4e21c2270aa9811f6cacb63;PASS
c945cca4d079d6043f8f99acbe5f03dd;PASS
c95e1dd91d169c7a44073fae8ce5022a;SKIP
c968b90a1ae9e9e95c9fe28cfea2ce9c;PASS
c96b9f2b3a476d2b6a65f3cf50ebcffa;PASS
c9b6f3d9d1248a9e2cbcac789748232c;FAIL
ca1a94b0bac32a1443e743f09879dc5d;PASS
ca4f371273de40c83347d8e5548bd0e7;PASS
ca761cff597ce437d1247c60b20db06b;PASS
cad23940c5ae54e997eadca1fb589c8f;FAIL
cad898020184b0ee41bbdc65a28d4957;FAIL
cae27a9f089cb45bdba266f34e8305db;PASS
cb2efb553126272e67a475b22031659a;PASS
cbec7fd833f434b105dafce58b0b1438;FAIL
cc01c49237572d5bd70e4ecf751246f9;PASS
cc167eb4a03cc648a9c1804bcff25add;PASS
cc1d4dcafa90516ffb1849d6f5b3d7d3;PASS
cc97f68094d8eff376010da9fdcc3205;PASS
ccc84ae3cfec50924171aa2cb6532bda;PASS
cccf61c70daa05a06e883d5b0f1e23c1;PASS
ccebb7868b1867189e0ea52acc9fd9c8;PASS
cd0cd9119bc08501765aa93064e7e9c9;PASS
cd341664c4e2a3b1f8673dc445406a1e;FAIL
cd497988ba99e0cedca52e35735a2e3d;PASS
cd5980ba8292aabc094f1306ba63d00f;PASS
cd5a66d4119dd9b753b50a2d97cebb27;FAIL
cd936e885d4b964145af746017069539;FAIL
cd9d4f5ea6458ebc96aca9bc5a46c8f2;PASS
cdad59437528cab834a57b220e9eddba;PASS
cdf9ab79d6b9de45eeefc62a2b1e32bb;FAIL
cebc03bb9f1e9cd5e4167b91dbf4a6e1;PASS
cec167a280891d2d52de7466b9471c4b;PASS
cf149a8450957c30ee0f813385a29833;PASS
cf1ad04a5cf26c5051ab570279fe6720;PASS
cf1ba5e7235a8cadd8ca2bd0cbd44312;PASS
cf2cb133341c4b52a51518183628e0b3;PASS
cf6b8e85788c0099b49274a2d9efceb9;FAIL
cf7adf9a157fad01bf50f17130cd510d;SKIP
cf7ffc9e9c4c30a6a78648d55ffe4e30;PASS
cfb9faa34779c591d90421f122e7b98b;PASS
cffe1c1d8f821fdaf7e6679ff52aa9ce;PASS
d02161cd9da561a208ef518c906b8036;FAIL
d09d4e0d95a174ee80f353def461ddc1;FAIL
d0a1319048784ac49bdc77eaa956ff81;PASS
d13a2a59eaff81b7a52228bc3d4da3fb;PASS
d15a0a66d7c50d0557549f037d997ee3;PASS
d189a49a0a0afaa6a3bf83a566091dd7;PASS
d19792ee59692cedf3dec01472de6c7d;FAIL
d214a1406b35b4a97131f4d737e16209;FAIL
d2547f5e495019c9a1ea2e713539f3f0;FAIL
d2641768151bc786f24689da9b9bc3f3;PASS
d2990c78bc2c21eb9c39cc450ea559e6;FAIL
d2a139d2fb374982ad4acf47e628c4f2;PASS
d2ccb1609330acba9b93311cea38d955;SKIP
d2dade908e5f0a4efad11cc724705e0c;PASS
d31b5610b862cf1e456d8c3b5d62bfd1;SKIP
d330018a26e42b11fb7b9487ca34acd6;PASS
d334e1869211ad1c99218517389baff0;SKIP
d349b0af2d8073762f7cd7849716e7c2;PASS
d363a8f4f38c50799fddaa84934e2c59;PASS
d36affc68cb4532670ae54537860aadc;PASS
d39563f38c729c029a92cff29286d00f;PASS
d44a5590239343775b8abd2b05a43895;PASS
d4747b21f9c47813d2a8c4d258eb936e;PASS
d47e3885ebd3c1d0bfc76dc7b7567a28;PASS
d4cf21fd76792cae0e7ab3c4af6de21f;PASS
d4d7b25665f8977d7650579835bae652;SKIP
d4e66c7a20dea5957479713ea8e5a74c;SKIP
d528f1b67bac3f67f2048f76a6c61282;PASS
d58822413af19939d30509b9c64ca963;PASS
d5d43891249491057076fa8e5c83f8ba;SKIP
d5f02a131d9124364970e0fef333daf2;PASS
d6427386ec70defa59be0f331bc578a5;PASS
d651e816fc861bd85e546d73f00b4b34;PASS
d69d6ef68dabc3b748c92260daf71a8e;SKIP
d6ce0ff3bdf5728b1bc8eb01048b71ef;PASS
d6fa326781dec362f6cc08fbb9d246a9;PASS
d7023a32ce3e9aa69fd2011ab56157ff;PASS
d716ad63bb4c9cbfe97822d7fbf13fd7;PASS
d76051684fe6e515041446787f59c620;PASS
d78fb5a9af41a77c3f91effa33ea6421;FAIL
d8418e8f049bd9e593a8fe531542774d;PASS
d8a5860bfc4379f915a2bf9bdcca08ab;PASS
d8c2d7e40659c2327d301649c78cf604;PASS
d8f5f4fc8c8c2163314abf5c3b6d4bc1;PASS
d956bef6813b0fd9695d491f09dcf73e;FAIL
d9b1b3d977537f1cede8d27e2baa88bd;PASS
da4b3521b543218c52322d8d98942549;SKIP
da78cddbbefe0bb3f4c82b92c6956b3c;PASS
da98a3c1c622de6ef959f23b9e422599;FAIL
dae22766714adec4592939f0012d0312;SKIP
db40a03d5f4879234e718304afb00c51;SKIP
db796339c5d7c345e55d4282ac49c8cb;SKIP
dbd8ce1266c90ac2328db429c014c4ff;SKIP
dbf0754f61cf46e07b8026a880a418e1;SKIP
dc38c933116706a422389d5faa38f274;PASS
dc54a84f7b6776db3f43e9c1f075cba4;SKIP
dc752f38bbd77d29d2552759b7960c4a;PASS
dcceed3f6a0e4745aa4354e18ac8c7d3;PASS
dd485d6f48648c5cd7abd92032e0e03d;PASS
dd4f65582b29ef607bcfc10330406a1b;PASS
dde754c9ad0d73abb564d2927a432566;FAIL
de339308c634b8791907211cb6b047f9;PASS
de5fed2b41eb05fd12f998569b1f8da1;FAIL
de681a81c709c71795f188c39553ca7d;PASS
df0619270ed17a7588a35f5c5219d0cd;PASS
df0e05735e7ad00df39ac0bc50eeaf46;FAIL
df30782bbe88c0202e6940b9157c4c1b;PASS
dfd7fc7d4924d7b2d9222461bfc382dd;PASS
dff14f53a6e651278dd108b599aa429b;SKIP
e0388b2d86d7e697092d8c62d94779c6;FAIL
e05d3874ee298576f98d7d25b5de7c6e;FAIL
e06254cbecf713c36ac423bfbcf2d83e;FAIL
e085ffe5ac6c444f9845eae62ee824e0;PASS
e0a5f7ade3524cbeee623995c7680d9c;PASS
e0de485b3f5f2f944049450016473615;FAIL
e0fe0aa12140bd1a85a04049d376f4b8;PASS
e110637250b87409bf44bbd32da01a7b;PASS
e1128f35d3c45732ecfe4c762f1715cd;PASS
e13a8824964bcce0bb795ae4887d44d2;FAIL
e141c65542b85a218393ab81ab10c30d;PASS
e157eb3081b58592d32be5d3052c06eb;FAIL
e1aca028afbf214600c50fb5ee7ca068;PASS
e20f2df31a5ac7c205166a3a11a60a5a;PASS
e21b423b9fe9a453f8249ff7e0701ac2;SKIP
e21f03acd03f64c5c667ce556659b44e;PASS
e232a067ac1c13a08388589aff1fa47d;FAIL
e241462e85e77b728d6b53de56d6328c;FAIL
e286e6ea57d2e98b34dafd263292a77d;SKIP
e32ee12801012a6b22822895fbc5b430;PASS
e33bce7629f34046be327e92d337b0de;PASS
e3a09f0f0a72254eeb270abf9348df26;PASS
e3f65930ccaccf11c723175a2dcc070e;FAIL
e43f61440bf83cbaccadecf3a8026a0b;PASS
e44108ded3b0dacff60a687531fdf94c;PASS
e451a38476968df59bfe13e28481d68c;FAIL
e47ca6dde61e55181b224b2845436724;PASS
e487c776230c9c6462fe47fa50251742;FAIL
e4a4fee0f3512737c683bac5073ab8d2;PASS
e4a6f1bcb891b885b0b683d353019673;PASS
e4aa6b873ab6a7dab29e095f9880362b;PASS
e548db68d887fde6bdb4ce73a6778f78;PASS
e549eb0a3e3e0296471779b2ec7a259b;PASS
e54b26ac5bdced3f72b19111bb86257e;PASS
e55a0509ac71dbd73cff394cedea6495;PASS
e56772b134614c1213fbf19270d22ae9;PASS
e5d2557604f0ea8fe99e5a92dd181d29;PASS
e5e39064433bde4b6a5236fe7f0a1acc;SKIP
e60df2c3445e2e76e3dd792c6b88a1be;PASS
e637a3dcd14e3b49b6a25c7c88bebd54;PASS
e661c0b0c47a32d69d9086565a53d0b2;PASS
e6b6a089e3dac7ee88cb05fa14892009;SKIP
e7224895e6a3baca4984ffe0077d8d1b;PASS
e7691c30a03e93e103f6542248024b8b;FAIL
e78e54431136415d9e7613088a10f356;PASS
e7e3dcc82b5ff633a6c47ea2cda10b9d;PASS
e7eae2d3554f84a20a076bc3c9a90a0f;FAIL
e800db401985966c757ac8e524668956;PASS
e806536c9086b3a75d56fe316f763696;PASS
e84c1abc2af0d79d4737c362f28e3ea4;PASS
e89dab2b65008321edc243ebf3893175;FAIL
e8a12d038d54e0a3efa023c84bf8a305;FAIL
e8b105ca861ad246d11bd2cb6aaa9a5f;PASS
e8c0cdd86d6e14c20dc28ace04ed5c79;SKIP
e919fca6727a93ea62c4a5f8160e0e8d;PASS
e91f6b95157c5f30a0c2da2633940b09;FAIL
e923b8fed4f06c6b0f77ea4a18ec5433;PASS
e9357a4fc41433c7be07907c4b771471;PASS
e9383cc9cf19a2487a59a83afe642c82;SKIP
e96e674c16fe757dac24519fd00e3593;FAIL
e9a385bc7a1d2cc074b49d9777cfc538;PASS
e9ab13941e9e89d4837143d89b57304b;FAIL
ea30ac677dfe6dd9a589e4cd8587dbac;FAIL
ea6bed953ede6411efc138ffd89c0861;PASS
ea6d3aaa966aaf387ff1c9f58cf76c07;PASS
eab2259305822177b1a4ecc54325406c;PASS
eb1e46701fd9dc507f13a2fc1f71cfdf;PASS
eb4edf4fabee3418e08dfc877e1cd416;PASS
eb5b296df27d4611517565287d4d376d;PASS
ebe57e052fbf575dd5cca043555e9170;SKIP
ebebab4c1676de13ef2bc916d2a99de7;PASS
ebf6141e30941d2036cbd84bb7e2309c;PASS
ec059b152c656912054ea66b9fb71be4;PASS
ec082594dfa52988ea26c50f050fbba6;PASS
ec3de2e669acf16d68892b903e0f5841;FAIL
eca194e2e6d08be01e5cccf43931ee68;FAIL
ecce995f1189129b89c03d62c59ef607;FAIL
ecddc34ef62d8279d12c184690fee83f;SKIP
ecf298b5c57643404b7eefeca7a99217;FAIL
ed0bb4e39e245713632208f6db5f0f85;PASS
ed3645f46b260c0ac94c3f48bd2e843a;PASS
ed95ef39854ad1436bd283947cb51f4b;PASS
eec2e8465b3a0cb6d03632be466d7fe6;FAIL
eef245aa1bb3facbe81d3d933edd954d;SKIP
ef039c0d4c4dafd98962dd27f41da50c;PASS
ef1a4874ddd7df6999e05f2a92fa8c61;PASS
ef32cc811734b375952b24d77f3c71b3;PASS
ef3a5d5d93c4f30b3f22292d93bbb3df;PASS
ef46ad8c8013c39c0caeede2d9202997;SKIP
ef6f4e2c08e321b8540bc99f92acdd07;PASS
efc1d94fa853a8809e707f615fff1db8;FAIL
efe14a98090f41dee8006a4304c8d917;PASS
efefb6954ef9dc1cc067d4a679dbdc97;FAIL
eff7c7b7bd07c0fd4ca2001d7493bccf;FAIL
f070d4e7d0689847d57c518fadb2f1a0;SKIP
f0916c5ca12cbbaaed92c2d466040d9f;PASS
f0c06a53aaddc6052988d0f41d34aa26;PASS
f137ca131a6b8c6239e130cc8b4bbbab;PASS
f148cee32e26c4ab855ea995a7119f66;FAIL
f1765e04dbcaa77d40f87914018f35ca;PASS
f18f66f0f451d5ce04db3c1372e3c85e;PASS
f1abf7dad3c27d99258daf4186cd16d7;PASS
f1b3b5a02fa2357adc1ce928ab137217;FAIL
f1f3693e3dfe015fea4ce4653a8f13ed;PASS
f21f33a396944caf084a75cf85b24eef;FAIL
f24db3e0562a64c4243f672de7dc71da;PASS
f26df7db3821c097e94d836cd006152f;PASS
f2a7a8edc8e20ab87488a097c3f83b78;PASS
f3709ca69af23bfe40bd4fa8c97d22b0;PASS
f37b5b724f9006fe2c6ed04ce269683c;PASS
f37c95de0eaecf46e4a020e4c6a0fd5e;SKIP
f3e29c9cdb14d829f8a87a08e30dee2f;FAIL
f4d5c9e3be4a1f2d629ce613ebac5703;FAIL
f5968d862f2b665e5fa92a4238db50cb;PASS
f5f0d249b282e19f92c8e48aa477cf8e;PASS
f60e9096c6d0b6dd1253871502acf292;PASS
f6172ad25c138156d4d12446e41a0a8e;PASS
f686e076dfd85534bc3c74a8be7f2a61;PASS
f6af92bc6a9f9861eb15c9caec70f0b1;PASS
f6d115524135a87345952c173300ca09;FAIL
f6fd2f3fa0fe4a9e60e34fa3e7c4ce18;PASS
f72ab38d971fa03e06e7d47cd4f671ec;PASS
f72e261aba027b44ce77b32a97a7c437;PASS
f730faa6d1e85944e40e3d8286d2bc9c;SKIP
f79ac64102f3a65f3b2f30f447847b7d;PASS
f7d1cb5b09b6e75b7bdba00fe5817354;PASS
f852a3f0a463aef05025449fb27e53db;PASS
f8cc8e72120a2add517103f14c7ccd4d;PASS
f8e2cb51fa08d96977f3bfed5c1f1f7d;PASS
f951b5f659911c63b2e606300706694c;PASS
f955cb8d6172ecefb6b0c70e1a9ed96f;PASS
f971cf6b0f65eeaf70af96164aaa26e9;FAIL
f9fa0de579348513bfff8cdf641065ec;PASS
fa448e324fa06ec9eaaf53f33cc74709;PASS
fa6cfaad17258220f4a2191b21096d7f;PASS
fa6f8b66cd76cd8ac38a7c982cdd6a09;FAIL
fad7971058003f39727f72a864452963;PASS
fbc0459ec3bf0e65a856a7098339d433;PASS
fbe9936e611be47fc93f72943ca9e702;PASS
fc03a5f35409cfe2b9edd16db64f92c2;PASS
fc212cb8f7e76a13cfde8c4a6963e71c;FAIL
fc4a3100ddf968f4af0424a7997cabf8;FAIL
fcc6af51462d42a19ef8ffb3c8f2230c;PASS
fcd2a299213d0f6715e5948ec959434d;PASS
fce26351f1bcd6ec62e44c9d5e78baca;PASS
fd11c89a7ff2afbf736bdafb75eeabaa;PASS
fd542627711c37954a3f46420e28b865;FAIL
fe00247a9fd953a60d1bb0049723422d;FAIL
fe154dfdb0aba764cd7f2fb2cbed374c;PASS
fee03e1cbd34949c7ec310aed50df2d3;PASS
fee29b57c97209abd806e41319102035;PASS
ff020173495ac0aa8ac0d0e4b13dd9f6;PASS
ff23a4237842d82047ceed02c4682ea0;PASS
ff2e71edc92f537795bc1e02df131e0f;PASS
ff52b728ebc27722db8413007444169b;FAIL
ff86b2c30b9b2858780eea29480afc27;FAIL
ff8b3f5a005b457ea2872e8bb25e6699;PASS
ffaa74decc4eb25ffd9b2fcf158cbc76;PASS
ffda10930966a78d52f761752ce6ecfc;FAIL
ffeb6a730c61caf1f58c4eccd01c586d;PASS
